department,patient_volume,average_wait_time,staff_count,utilization_rate,patient_satisfaction,quality_score,cost_per_patient,readmission_rate
Emergency,493,5.5229239367389775,26,0.8425814783570644,8.526411413404084,85.26641700005545,4572.7182680993665,0.07294924312284348
Cardiology,550,72.65236255027285,32,0.8580363601286292,7.644532137728348,85.3766073492659,3320.060008342623,0.1776785563907474
Oncology,542,35.75166459275765,24,0.7677671864132011,8.772098166394358,93.7998568694772,1607.6574197352413,0.1998205147547738
Surgery,524,37.79788279386801,28,0.6328358699004648,9.058707405052997,94.42664447822625,4136.861218983709,0.10035243586118825
Pediatrics,466,10.873944505851004,28,0.8138056164900429,7.8210056188112045,95.99630268515638,4216.533672562342,0.10800524923352382
ICU,507,37.7630906297816,23,0.730271838243335,8.398114728688773,90.19479760530416,2290.201800622721,0.07317320371843794
Radiology,532,37.11268243314451,26,0.9323766149249162,8.986393906475643,90.06709664559158,2077.3596321857776,0.08535696260906324
